username,text,link
username,text,link
newslaundry,"#JobAlert!

We are looking for a React Native Developer to build, optimise, maintain our Android and iOS apps. If you are proficient in React Native language and Redux, this position is for you! #hiring

Apply here: https://t.co/AEDHQnE3T6 https://t.co/WffFztZtcX",https://t.co/AEDHQnE3T6
open2 hire,"Front End Developer Jobs in Robert Half, USA | Front End Developer Jobs

Apply: https://t.co/5NN7m1RlEt

follow @open2hire

#frontenddeveloper #jobs #job #hiring #jobs2022 #jobsinusa #itjobs #engineeringjobs #vacancy #jobsinUK #jobsinAustralia #open2hire #softwarejobs  #careertip https://t.co/En7RYwPMoV",https://t.co/5NN7m1RlEt
Knots Solutions,"We're hiring a SQA Intern! We're looking for people who think like us, have the same values, and are ready to take on exciting challenges. Interested? Apply today!

#hiring #sqa #intern #job #work #career #hiring #recruiting #business #growth #opportunity https://t.co/lFPb3roNFj",https://t.co/lFPb3roNFj
zobjobs - US Remote Jobs,"Frontend Developer at Infosys
Infosys is seeking UI Angular Developer This position will interface with key stakeholders and apply your technical proficiency a...
#FrontEndDeveloper #Hiring 
https://t.co/Gof9EckRek",https://t.co/Gof9EckRek
Frontend.LA,"#Minneapolis #jobs #hiring #opportunity @ HARAMAIN SYSTEMS INC. (Minneapolis, MN) - Sr. Java Developer :: Full time role https://t.co/P4VSEtcx2T",https://t.co/P4VSEtcx2T
Claudio L√≥pez,"ARKHO is looking for a Backend Cloud Developer

üîã #Python #Cloud #API
üí∞USD$2.000 - 3.100/monthly
üö©Remote #LATAM 
‚úîEnglish

Quick Apply‚û° https://t.co/xWTANWNLfM

Send your CV claudiolopez@torre.co (Subject: Backend Cloud Developer - TW)

#hiring #backend #Job #Jobs #JobAlert",https://t.co/xWTANWNLfM
Techjob.app,"üì£ #JobAlert

üßë‚Äçüíª Senior ‚Äì #node and #express
üèôÔ∏è Dellent Consulting
ü™ô $2,237 / m
üè† #WorkFromHome ‚Äì Remote

Apply now! https://t.co/gu9Pr3qWTD

#hiring #jobs #technology #software",https://t.co/gu9Pr3qWTD
Derek McTomney,"Are you motivated to take on new challenges? Apply today, and learn how Peloton Consulting group can accelerate your career. Oracle Commerce Cloud Consultant #PelotonConsultingCareers #OracleCloud #Hiring
https://t.co/UF4PIosxRg #job",https://t.co/UF4PIosxRg
growremotely,"Check out this job at TrendSpider LLC for the position Remote Backend Javascript Engineer (Middle Node.JS Developer).

 Apply link: https://t.co/so4wKZdT7M

#hiring #remotejobs #TrendSpiderLLC #Backend https://t.co/QlZ5SmpkoI",https://t.co/so4wKZdT7M
growremotely,"Check out this job at Tampa Bay Rays for the position Remote Software Developer - Tampa Bay Rays (Saint Petersburg ¬∑ FL ¬∑ Open to Remote).

 Apply link: https://t.co/GTgQG8B4Ag

#hiring #remotejobs #TampaBayRays #Backend https://t.co/YajtOJAiEh",https://t.co/GTgQG8B4Ag
Mantras2Success,"#Hiring for Android/ Kotlin (Mobile) Developer
Location: Ahmedabad
Experience: 4+
Salary:Upto 15 LPA
Share your #resume to
falguni.kayasth@mantras2success.com
OR
Click to Apply
https://t.co/z5S8t5U4Ne...
#Mantras2Success 
#androiddeveloper #android #developer #androidstudio",https://t.co/z5S8t5U4Ne
Cortex IT,New job alert üîî - Senior .NET Developer https://t.co/RERc4eBNua - apply now! #job #hiring #cortex,https://t.co/RERc4eBNua
zobjobs - CA Remote Jobs,"Web Specialist at Malvi
Malvi is now hiring Web Specialist in Toronto ON View job listing details and apply now Looking for Web Specilaist Web Developer Toronto Canada Please share resume to Rol...
#Web #Hiring 
https://t.co/Ncaw744zRG",https://t.co/Ncaw744zRG
Remote Tech Jobs,"Fidelity Investments is hiring: Senior SOC Responder

JOB DESCRIPTION: ROLE: SENIOR SOC SECURITY DEVELOPER Are you looking for an opportunity to innovate, pursue new technologies, solve problems, and contribute...

https://t.co/JToqYFzKmu
#Remote #python #Jobs",https://t.co/JToqYFzKmu
FutureMug,"Systematic Ventures is looking for a highly skilled back end developer.
Do you think your passion lies in Band End Development?
Then Apply here - https://t.co/uDYonNfl9L.
.
#itjobs #jobs #hiring #jobsearch #job #career #it #recruitment #programming #jobseekers
- Posted by Ryzely https://t.co/i6PZ6xZv8d",https://t.co/uDYonNfl9L
zobjobs - CA Remote Jobs,"Senior Python Developer, Intact Lab
at Intact Financial Corporation
About the role Your mission within our Innovation Lab Participate in the design and application develop...
#Python #Hiring 
https://t.co/rBqhDvwX7J",https://t.co/rBqhDvwX7J
growremotely,"Check out this job at Megaverse for the position Experienced Frontend Developer.

 Apply link: https://t.co/a2sCcft7uH

#hiring #remotejobs #Megaverse #Frontend https://t.co/iXcrW8y4dS",https://t.co/a2sCcft7uH
Mantras2Success,"#Hiring for IOS / Senior IOS (Swift ) Developer
Location:Ahmedabad
Experience: 4+
Salary: Upto 15 LPA
Share your #resume to
falguni.kayasth@mantras2success.com
OR
Click to Apply
https://t.co/C9Ja3adO7n...
#Mantras2Success 
#iosdeveloper #ios #developer #programming #appdeveloper",https://t.co/C9Ja3adO7n
Tarun Mahajan,"Our clients an early stage blockchain startup are looking for an entry level blockchain developer who has knowledge of working with Solidity smart contracts. Requesting all interested candidates to apply using the link below.

#hiring #techhiring #blockch‚Ä¶https://t.co/E6cjCIQXi5",https://t.co/E6cjCIQXi5
Kwame Anane,"Mastercard Foundation Graduate Internship has posted 53 #Jobs for people in #Ghana, Canada, #Ethiopia, Senegal, #Nigeria, Rwanda, #Kenya and Uganda. Apply using the link below 
https://t.co/5Qe5m3uWmI
#jobsinghana #GhanaIsHiring #Saturday #hiring #work #vacancy #Career #MONEY #Ad",https://t.co/5Qe5m3uWmI
Remote Tech Jobs,"Magnify Access is hiring: Full Stack Developer

Responsibilities Please review the section ""Eligibility - Youth Interns"" at the following link to ensure you are eligible to apply before submitting your...

https://t.co/Agri0BS3Jq
#Remote #fullstack #Jobs",https://t.co/Agri0BS3Jq
Mantras2Success,"#Hiring for Laravel Developer
Location: Ahmedabad (Memnagar)
Experience: 2+Years
Salary: Best in industry
Share your #resume to
falguni.kayasth@mantras2success.com
OR
Click to Apply
https://t.co/64QUJHl8Pj
#Mantras2Success 
laraveldeveloper #laravel #laraveldevelopment",https://t.co/64QUJHl8Pj
Jobs Fiber,"java developer job at Master Card #job #java #developer 

To apply go here read more info - https://t.co/CoP2HaeUhM https://t.co/JQ0Pa9hHaj",https://t.co/CoP2HaeUhM
Mantras2Success,"#Hiring for Backend developer (Python with FastAPI, PostgreSQL, Restfull API, Scrum,SQL)
Location: Bangalore/ Delhi/ Chennai
Experience: 4+
Salary: Upto 30 LPA
Share your #resume to
falguni.kayasth@Mantras2Success.com
OR
Click to Apply
https://t.co/4FxZe03AiB
#Mantras2Success",https://t.co/4FxZe03AiB
Eli Crypto Jobs,"#Parity is hiring a Full Stack Engineer. Apply now https://t.co/N5PsYh57Pk

#hiring #developer #cryptojobs #remotecryptojobs #wfhjobs #blockchainjobs https://t.co/qScqvwfjvQ",https://t.co/N5PsYh57Pk
Eli Crypto Jobs,"#Xapo is hiring an Enterprise Agile Coach. Apply now https://t.co/BR1ZA97HPz

#hiring #developer #cryptojobs #remotecryptojobs #wfhjobs #blockchainjobs https://t.co/NCtONIbwyf",https://t.co/BR1ZA97HPz
Eli Crypto Jobs,"#Braintrust is hiring a Senior Back End / API Developer. Apply now https://t.co/II0B09xbvi 

#hiring #developer #cryptojobs #remotecryptojobs #wfhjobs #blockchainjobs https://t.co/KmsBJHNXCa",https://t.co/II0B09xbvi
Mantras2Success,"#Hiring for Senior Back End Developer
Location: Ahmedabad
Experience: 3+
Salary: Best in industry
Share your #resume to
rajkour.panesar@mantras2success.com
OR
Click to Apply
https://t.co/k6N7pjBXzy...
#Mantras2Success 
#pythondeveloper #python #pythonprogramming #programming",https://t.co/k6N7pjBXzy
SDG Impact Jobs,"InnovateEDU (@InnovateEDUNYC) is hiring a üëâ Junior Developer

üåê United States
ü§ù Full-time
üëæ Entry-level
üí∞ The range for this position will be $58,500 to $75,000.¬†

Dept. Landing Zone

https://t.co/BR501CQuHS

#SDG4 #nonprofit #education #jobs",https://t.co/BR501CQuHS
Placement Offer,"Quest Software Recruitment 2022 | Software Developer Trainee | https://t.co/lmKhtGg0PJ / MCA / https://t.co/X90z2U7TgX | Hyderabad | Apply Online.

https://t.co/cdKBZrv11O

#placementoffer #NowHiring #JobSeekers #JobHunt2021 #Hiring #MBAJobs #Job #Vacancy #Internships",https://t.co/lmKhtGg0PJ
growremotely,"Check out this job at Commit for the position Senior Front End Developer.

 Apply link: https://t.co/XCAAKNd4Bf

#hiring #remotejobs #Commit #Programming https://t.co/nnpi5P1MFU",https://t.co/XCAAKNd4Bf
growremotely,"Check out this job at TrendSpider LLC for the position Remote Backend Javascript Engineer (Middle Node.JS Developer).

 Apply link: https://t.co/so4wKZdT7M

#hiring #remotejobs #TrendSpiderLLC #Programming https://t.co/IhmryNw06w",https://t.co/so4wKZdT7M
growremotely,"Check out this job at Integrated Data Services for the position Remote Java Developer (100% Remote).

 Apply link: https://t.co/7mCIK0YJrQ

#hiring #remotejobs #IntegratedDataServices #Programming https://t.co/EusKA17v2J",https://t.co/7mCIK0YJrQ
growremotely,"Check out this job at Tampa Bay Rays for the position Remote Software Developer - Tampa Bay Rays (Saint Petersburg ¬∑ FL ¬∑ Open to Remote).

 Apply link: https://t.co/GTgQG8B4Ag

#hiring #remotejobs #TampaBayRays #Programming https://t.co/jigJsIhz46",https://t.co/GTgQG8B4Ag
growremotely,"Check out this job at Bertoni Solutions for the position Java Developer.

 Apply link: https://t.co/D5EY2LcOLs

#hiring #remotejobs #BertoniSolutions #Programming https://t.co/hCfFrTaw0k",https://t.co/D5EY2LcOLs
Mantras2Success,"#Hiring for https://t.co/jMxLPeHWI2 Developer (MVC/.Net Core)
Location:Ahmedabad (Iscon Ambli Road)
Experience:3+
Salary:Upto 8 LPA
Share your#resume to
falguni.kayasth@mantras2success.com
OR
Click to Apply https://t.co/PtJhXRvgT9
#Mantras2Success 
#aspdotnetdeveloper #aspdotnet",https://t.co/jMxLPeHWI2
Mantras2Success,"#Hiring for UI Developer
Location: Indore
Experience: 3+
Salary: Upto 1 LPA
Share your #resume to
rajkour.panesar@mantras2success.com
OR
Click to Apply
https://t.co/dliAKtp59G
#Mantras2Success 
#uideveloper #uidesign #uxdesigner #webdesign #uiux #ui #webdeveloper #css #uxdesign",https://t.co/dliAKtp59G
